Workbook

Sheet Données Complètes
A1: REGISTRE OFFICIEL DES ABONNÉS ET TAXES - RÉSEAU TÉLÉCOM
A2: Mise à jour complète (Extraction de toutes les images du registre - 23 pages)
A4: Localisation | B4: Titulaire | C4: Adresse | D4: Téléphone | E4: Solde (HTG) | F4: Catégorie | G4: Tarif Taxe | H4: Statut
A5: 506041005000 | B5: TILOT Paul | C5: 46, RUE DELMAS 105 | D5: (509) 47.21.36.22 | E5: 154203.19 | F5: Résidence | G5: 2581.073 | H5: Actif
A6: 506041005200 | B6: STATION SERVICE Pompe D'Essence | C6: 46, ROUTE DES FRERES | D6: (509) 37.83.84.71 | E6: 110988.78 | F6: Commerce | G6: 5192 | H6: Actif
A7: 506041006000 | B7: DOSSOUS Milot | C7: 8, RUE A JEAN PAUL | D7: (509) 34.78.61.06;(509) 34. | E7: 80742.207 | F7: Résidence | G7: 2581.073 | H7: Actif
A8: 506041006200 | B8: CHAUVET Pierre Richard | C8: 1, RUE A CHANCY | D8: (509) 34.03.63.38 | E8: 13697.106 | F8: Résidence | G8: 2581.073 | H8: Actif
A9: 506041006500 | B9: SAINT FORT Mona | C9: 5, RUE A JEAN PAUL | D9: nan | E9: -27.209 | F9: Résidence | G9: 2581.073 | H9: Actif
A10: 506041006600 | B10: Estime Ese | C10: 00, rue A Jn Paul | D10: nan | E10: 65932.173 | F10: Résidence | G10: 2581.073 | H10: Actif
A11: 506041007000 | B11: DUMONT Mikaelle Laguerre | C11: RUE A JEAN PAUL | D11: nan | E11: 4768.423 | F11: Résidence | G11: 2581.073 | H11: Actif
A12: 506041007200 | B12: JEROME Daniel | C12: RUE TUNNEL | D12: (509) 37.56.63.69;(509) 36. | E12: 12581.077 | F12: Résidence | G12: 2581.073 | H12: Actif
A13: 506041007400 | B13: LOUISSAINT Taylor | C13: IMP CORAIL | D13: (509) 37.94.36.09 | E13: 13230.374 | F13: Résidence | G13: 2581.073 | H13: Actif
A14: 506041009500 | B14: MICHEL Richard | C14: RTE DE FRERES | D14: (509) 37.17.11.60 | E14: 88232.357 | F14: Résidence | G14: 2581.073 | H14: Actif
A15: 506041009400 | B15: Germain Fabiola Bellance | C15: RUE DELMAS 105 | D15: nan | E15: 61662.498 | F15: Résidence | G15: 2581.073 | H15: Actif
A16: 506042001000 | B16: FLEURY Sylvia | C16: RUE DELMAS 105 | D16: (509) 34.05.58.12 | E16: 132393.39 | F16: Résidence | G16: 2581.073 | H16: Actif
... A288: 12061006806 | B288: JACOTIN Idonie | C288: 12, RTE DE FRERES | D288: nan | E288: 0 | F288: nan | G288: 2581.073 | H288: nan
A289: TOTAL / MOYENNE | E289: =SUM(E5:E288) | G289: =AVERAGE(G5:G288)

Sheet Tableau de Bord & Résumé
A1: TABLEAU DE BORD - ANALYSE DES ABONNÉS & TAXES
A3: Total Abonnés | C3: Solde Total (HTG) | E3: Tarif Taxe Moyen (HTG)
A4: =COUNTA('Données Complètes'!B5:B288) | C4: =SUM('Données Complètes'!E5:E288) | E4: =AVERAGE('Données Complètes'!G5:G288)
A7: Répartition par Catégorie
A8: Catégorie | B8: Nombre d'Abonnés | C8: Solde Total (HTG)
A9: Résidence | B9: =COUNTIF('Données Complètes'!$F$5:$F$288, A9) | C9: =SUMIF('Données Complètes'!$F$5:$F$288, A9, 'Données Complètes'!$E$5:$E$288)
A10: Commerce | B10: =COUNTIF('Données Complètes'!$F$5:$F$288, A10) | C10: =SUMIF('Données Complètes'!$F$5:$F$288, A10, 'Données Complètes'!$E$5:$E$288)
A11: Résid. | B11: =COUNTIF('Données Complètes'!$F$5:$F$288, A11) | C11: =SUMIF('Données Complètes'!$F$5:$F$288, A11, 'Données Complètes'!$E$5:$E$288)
A12: Résidences | B12: =COUNTIF('Données Complètes'!$F$5:$F$288, A12) | C12: =SUMIF('Données Complètes'!$F$5:$F$288, A12, 'Données Complètes'!$E$5:$E$288)
A13: Particulier | B13: =COUNTIF('Données Complètes'!$F$5:$F$288, A13) | C13: =SUMIF('Données Complètes'!$F$5:$F$288, A13, 'Données Complètes'!$E$5:$E$288)
A14: nan | B14: =COUNTIF('Données Complètes'!$F$5:$F$288, A14) | C14: =SUMIF('Données Complètes'!$F$5:$F$288, A14, 'Données Complètes'!$E$5:$E$288)
A15: Petite et Moyenne E | B15: =COUNTIF('Données Complètes'!$F$5:$F$288, A15) | C15: =SUMIF('Données Complètes'!$F$5:$F$288, A15, 'Données Complètes'!$E$5:$E$288)
A16: Institution Scolaire | B16: =COUNTIF('Données Complètes'!$F$5:$F$288, A16) | C16: =SUMIF('Données Complètes'!$F$5:$F$288, A16, 'Données Complètes'!$E$5:$E$288)
A17: Résis.Data | B17: =COUNTIF('Données Complètes'!$F$5:$F$288, A17) | C17: =SUMIF('Données Complètes'!$F$5:$F$288, A17, 'Données Complètes'!$E$5:$E$288)
